municipality,price_found,context_snippet,source_url
Worcester,$1.00,"the point of sale or bring defective bags to 20 East Worcester Street, Monday through Friday from 9 a.m. to 4 p.m. for exchange. Prices Small yellow bags cost $1.00/bag (sold in sleeves of 10) Large yellow bags cost $1.75/bag (sold in sleeves of 5) Rules Small yellow city trash bags have a 15 pound weight limit Large",https://www.worcesterma.gov/trash-recycling/trash-disposal
Worcester,$1.75,"ter Street, Monday through Friday from 9 a.m. to 4 p.m. for exchange. Prices Small yellow bags cost $1.00/bag (sold in sleeves of 10) Large yellow bags cost $1.75/bag (sold in sleeves of 5) Rules Small yellow city trash bags have a 15 pound weight limit Large yellow city trash bags have a 30 pound weight limit Sched",https://www.worcesterma.gov/trash-recycling/trash-disposal
Brockton,$5,"reen “Brockton” bags. These bags can be purchased at local retailers, including supermarkets and drug stores, or at City Hall or the Recycle Depot at a cost of $5 for a roll of four bags or can be purchased online here . See separate instructions for bulk items and yard waste . Service provided to residents of",https://brockton.ma.us/city-departments/public-works/trash-recycling/
Lawrence,$11.00,"the container being replaced is damaged, the damaged container must be surrendered at the time of replacement. Pricing Item Price Overflow Bags (package of 5) $11.00 65-Gallon Trash Container $100.00 Annual Fee for Trash Container (Collection and Disposal Fee) $140.00 Pro-rated Monthly Fee for Trash Container (Collection an",https://www.cityoflawrence.com/159/Curbside-Trash-Collection
Lawrence,$10,"amaged, the damaged container must be surrendered at the time of replacement. Pricing Item Price Overflow Bags (package of 5) $11.00 65-Gallon Trash Container $100.00 Annual Fee for Trash Container (Collection and Disposal Fee) $140.00 Pro-rated Monthly Fee for Trash Container (Collection and Disposal Fee) $11.67 If you",https://www.cityoflawrence.com/159/Curbside-Trash-Collection
Lawrence,$14,"acement. Pricing Item Price Overflow Bags (package of 5) $11.00 65-Gallon Trash Container $100.00 Annual Fee for Trash Container (Collection and Disposal Fee) $140.00 Pro-rated Monthly Fee for Trash Container (Collection and Disposal Fee) $11.67 If you have any questions or for more information, please contact the Depart",https://www.cityoflawrence.com/159/Curbside-Trash-Collection
Taunton,$2.00,"ity Council has approved an increase to the purchase cost of City of Taunton Trash Bags. Effective Tuesday, June 30, 2026, the retail price will increase from $2.00 to $3.00 per bags and will still be sold by retailers in sleeves of five for $15.00. https://www.taunton-ma.gov/AgendaCenter/ViewFile/Agenda/_06092026-2875 ,",https://www.taunton-ma.gov/m/newsflash/Home/Detail/1313
Taunton,$3.00,"il has approved an increase to the purchase cost of City of Taunton Trash Bags. Effective Tuesday, June 30, 2026, the retail price will increase from $2.00 to $3.00 per bags and will still be sold by retailers in sleeves of five for $15.00. https://www.taunton-ma.gov/AgendaCenter/ViewFile/Agenda/_06092026-2875 , https:/",https://www.taunton-ma.gov/m/newsflash/Home/Detail/1313
Taunton,$15.00,"Bags. Effective Tuesday, June 30, 2026, the retail price will increase from $2.00 to $3.00 per bags and will still be sold by retailers in sleeves of five for $15.00. https://www.taunton-ma.gov/AgendaCenter/ViewFile/Agenda/_06092026-2875 , https://www.taunton-ma.gov/AgendaCenter/ViewFile/Minutes/_04142026-2818 Please ref",https://www.taunton-ma.gov/m/newsflash/Home/Detail/1313
Malden,$10,"venience. Additionally there is a cost savings associated with purchasing a trash tag. If you typically use about one large blue bag per week you are spending $104 per year on trash ($2 x 52 weeks). Since a black cart holds the equivalent volume of one large blue bag, you are saving $29 per year by purchasing a trash ta",https://cityofmalden.org/804/Trash-Tags
Malden,$2,"here is a cost savings associated with purchasing a trash tag. If you typically use about one large blue bag per week you are spending $104 per year on trash ($2 x 52 weeks). Since a black cart holds the equivalent volume of one large blue bag, you are saving $29 per year by purchasing a trash tag. How can I purchase t",https://cityofmalden.org/804/Trash-Tags
Malden,$29,"lue bag per week you are spending $104 per year on trash ($2 x 52 weeks). Since a black cart holds the equivalent volume of one large blue bag, you are saving $29 per year by purchasing a trash tag. How can I purchase trash tags? You can purchase your Trash Tag online or by visiting the City of Malden Treasurer’s Offic",https://cityofmalden.org/804/Trash-Tags
Malden,$75,"take your sticker home immediately. Purchase one online now How much does a trash tag cost? Residents will have the option of purchasing an annual hang tag for $75 per year which will renew each calendar year. If you purchase the trash tag in the middle of a calendar year, the purchase price will be prorated accordingly.",https://cityofmalden.org/804/Trash-Tags
Attleboro,$12.50,res Carrying Attleboro Trash Bags Stores Carrying Attleboro Trash Bags *Attleboro trash bags are sold in a 5 pack for $12.50 Store Location A & J Seabra 217-219 South Main St. Canaan Fuels 947 Newport Ave CVS 366 Was,http://www.cityofattleboro.us/1710/Stores-Carrying-Attleboro-Trash-Bags
Gloucester,$4.00,Home Departments Public Works Trash & Recycling Bag Purchasing Locations Bag Purchasing Locations Large Bags ($4.00 each sold in packs of 5) 7-11 - Bass Avenue Annie's - 300 Concord Street Building Center - 1 Harbor Loop Cape Ann Convenience - 2 Roger,https://gloucester-ma.gov/310/Bag-Purchasing-Locations
Gloucester,$2.00,y - 42 Washington Street The Senior Center* - 6 Manuel F. Lewis Street *Must be 65 or older to purchase at this location Small Bags ($2.00 each sold in packs of 5) Annie's - 90 Concord Street Building Center - 1 Harbor Loop Cape Ann Convenience - 2 Rogers Street Little Rive,https://gloucester-ma.gov/310/Bag-Purchasing-Locations
Gloucester,$25.00,e 65 or older to purchase at this location Single Bags Building Center - 1 Harbor Loop Bulk Item Stickers $25.00 Building Center - 1 Harbor Loop DPW - 28 Poplar Street APPLIANCE STICKERS $35.00 DPW - 28 Popla,https://gloucester-ma.gov/310/Bag-Purchasing-Locations
Gloucester,$35.00,Bulk Item Stickers $25.00 Building Center - 1 Harbor Loop DPW - 28 Poplar Street APPLIANCE STICKERS $35.00 DPW - 28 Poplar Street Other: Please note that the Department of Public Works ( DPW ) does not car,https://gloucester-ma.gov/310/Bag-Purchasing-Locations
Brookline,$27,"A 3-unit property may choose one 95-gallon trash cart for all units to share. A 95-gallon cart has an annual cost of $476. However, their annual rate will be ($275) x (3 units) = $825. New FY26 Cart Costs and Dimensions Cart Size Dimensions Quarterly Cost Annual Refuse Cost 35 gallon (Up to 2 tall kitchen bags) 20"" wide,",https://www.brooklinema.gov/3760/Cart-Purchase-Billing
Brookline,$82,"ay choose one 95-gallon trash cart for all units to share. A 95-gallon cart has an annual cost of $476. However, their annual rate will be ($275) x (3 units) = $825. New FY26 Cart Costs and Dimensions Cart Size Dimensions Quarterly Cost Annual Refuse Cost 35 gallon (Up to 2 tall kitchen bags) 20"" wide, 23"" deep, 39"" high",https://www.brooklinema.gov/3760/Cart-Purchase-Billing
Brookline,$68.75,"5. New FY26 Cart Costs and Dimensions Cart Size Dimensions Quarterly Cost Annual Refuse Cost 35 gallon (Up to 2 tall kitchen bags) 20"" wide, 23"" deep, 39"" high $68.75 quarterly $275 annually 65 gallon (Up to 4 tall kitchen bags) 27"" wide, 28"" deep, 41"" high $93.25 quarterly $373 annually 95 gallon (up to 7 tall kitchen bags)",https://www.brooklinema.gov/3760/Cart-Purchase-Billing
Brookline,$27,"Costs and Dimensions Cart Size Dimensions Quarterly Cost Annual Refuse Cost 35 gallon (Up to 2 tall kitchen bags) 20"" wide, 23"" deep, 39"" high $68.75 quarterly $275 annually 65 gallon (Up to 4 tall kitchen bags) 27"" wide, 28"" deep, 41"" high $93.25 quarterly $373 annually 95 gallon (up to 7 tall kitchen bags) 29"" wide, 33""",https://www.brooklinema.gov/3760/Cart-Purchase-Billing
Brookline,$93.25,"llon (Up to 2 tall kitchen bags) 20"" wide, 23"" deep, 39"" high $68.75 quarterly $275 annually 65 gallon (Up to 4 tall kitchen bags) 27"" wide, 28"" deep, 41"" high $93.25 quarterly $373 annually 95 gallon (up to 7 tall kitchen bags) 29"" wide, 33"" deep, 43"" high $119 quarterly $476 annually Refuse Accounts for Multi-Unit Building",https://www.brooklinema.gov/3760/Cart-Purchase-Billing
Brookline,$37,"l kitchen bags) 20"" wide, 23"" deep, 39"" high $68.75 quarterly $275 annually 65 gallon (Up to 4 tall kitchen bags) 27"" wide, 28"" deep, 41"" high $93.25 quarterly $373 annually 95 gallon (up to 7 tall kitchen bags) 29"" wide, 33"" deep, 43"" high $119 quarterly $476 annually Refuse Accounts for Multi-Unit Buildings Brookline co",https://www.brooklinema.gov/3760/Cart-Purchase-Billing
Shrewsbury,$1.44,"program by purchasing official Town of Shrewsbury trash bags at various local retailers throughout the Town. Pricing as of July 13, 2026: Small blue bags cost $1.44/bag and $7.20 per roll (sold in sleeves of 5) Large blue bags cost $2.92/bag and $14.60 per roll (sold in sleeves of 5) PAYT Bags are sold in the stores",https://shrewsburyma.gov/1036/Trash-Information
Shrewsbury,$7.20,"asing official Town of Shrewsbury trash bags at various local retailers throughout the Town. Pricing as of July 13, 2026: Small blue bags cost $1.44/bag and $7.20 per roll (sold in sleeves of 5) Large blue bags cost $2.92/bag and $14.60 per roll (sold in sleeves of 5) PAYT Bags are sold in the stores listed below. T",https://shrewsburyma.gov/1036/Trash-Information
Shrewsbury,$2.92,"retailers throughout the Town. Pricing as of July 13, 2026: Small blue bags cost $1.44/bag and $7.20 per roll (sold in sleeves of 5) Large blue bags cost $2.92/bag and $14.60 per roll (sold in sleeves of 5) PAYT Bags are sold in the stores listed below. To download the list click here 7-Eleven 38 Maple Ave Boylst",https://shrewsburyma.gov/1036/Trash-Information
Shrewsbury,$14.60,"oughout the Town. Pricing as of July 13, 2026: Small blue bags cost $1.44/bag and $7.20 per roll (sold in sleeves of 5) Large blue bags cost $2.92/bag and $14.60 per roll (sold in sleeves of 5) PAYT Bags are sold in the stores listed below. To download the list click here 7-Eleven 38 Maple Ave Boylston Shell Statio",https://shrewsburyma.gov/1036/Trash-Information
Natick,$22.50,Tilly and Salvy’s Bacon Street Farm (Natick) Cost of Bags - No Sales Tax Applicable Number of Bags Size of Bag Cost 10-Pack 33 Gallon Bags (holds 25 lbs.) $22.50 10-Pack 15 Gallon Bags (holds 12 lbs.) $12.50 PAYT Bag Defects and Quality Issues If residents experience quality issues with the blue Pay-as-you-throw (PAY,https://www.natickma.gov/291/Trash-CollectionPay-As-You-Throw-Program
Natick,$12.50,t of Bags - No Sales Tax Applicable Number of Bags Size of Bag Cost 10-Pack 33 Gallon Bags (holds 25 lbs.) $22.50 10-Pack 15 Gallon Bags (holds 12 lbs.) $12.50 PAYT Bag Defects and Quality Issues If residents experience quality issues with the blue Pay-as-you-throw (PAYT) bags they may call the bag vendor's customer s,https://www.natickma.gov/291/Trash-CollectionPay-As-You-Throw-Program
Dartmouth,$2,"e of their own garbage — can help decrease the amount of waste going to landfills. In Dartmouth, participants pay a yearly rate and must buy the orange bags at $2 a bag for the large size and $1 a bag for the small, which helps incentivize recycling. But Mathes is unhappy with the quality of the bags. “The garbage bags",https://dartmouth.theweektoday.com/article/trash-clash-why-town-won’t-dump-orange-bags/41279
Dartmouth,$1,"p decrease the amount of waste going to landfills. In Dartmouth, participants pay a yearly rate and must buy the orange bags at $2 a bag for the large size and $1 a bag for the small, which helps incentivize recycling. But Mathes is unhappy with the quality of the bags. “The garbage bags seem to be extremely flimsy,” s",https://dartmouth.theweektoday.com/article/trash-clash-why-town-won’t-dump-orange-bags/41279
Marshfield,$10.00,MARSHFIELD PAYT BAGS AVAILABLE MARSHFIELD PAYT BAGS AVAILABLE AT THE FOLLOWING STORES: (SLEEVE OF 5 FOR $10.00) *BRANT ROCK MARKET *GREEN HARBOR GENERAL STORE *HUBBARD’S CUPBOARD *JACKANSONS *7-ELEVEN *NORTH RIVER BEVERAGE *REXHAME GENE,https://www.marshfield-ma.gov/news_detail_T6_R30.php
Milton,$3,"idents more to have their trash pickup curbside, under an increase that the Select Board approved recently. The cost of having a trash cart will be rising from $3 to $4 a week, which will be billed at $208 for the year, according to the new rates. For those who purchase individual trash stickers for $3 the cost will also",https://www.miltontimes.com/news/local/trash-fees-to-go-up-1-a-week-starting-in-july/article_2ae99dca-ec47-11ee-9d80-2ba4135c3f65.html
Milton,$4,"more to have their trash pickup curbside, under an increase that the Select Board approved recently. The cost of having a trash cart will be rising from $3 to $4 a week, which will be billed at $208 for the year, according to the new rates. For those who purchase individual trash stickers for $3 the cost will also go up",https://www.miltontimes.com/news/local/trash-fees-to-go-up-1-a-week-starting-in-july/article_2ae99dca-ec47-11ee-9d80-2ba4135c3f65.html
Milton,$20,"rbside, under an increase that the Select Board approved recently. The cost of having a trash cart will be rising from $3 to $4 a week, which will be billed at $208 for the year, according to the new rates. For those who purchase individual trash stickers for $3 the cost will also go up a dollar to $4. Town Administrator",https://www.miltontimes.com/news/local/trash-fees-to-go-up-1-a-week-starting-in-july/article_2ae99dca-ec47-11ee-9d80-2ba4135c3f65.html
Milton,$3,"ill be rising from $3 to $4 a week, which will be billed at $208 for the year, according to the new rates. For those who purchase individual trash stickers for $3 the cost will also go up a dollar to $4. Town Administrator Nicholas Milano said a senior citizen discounted rate will continue to be offered on the trash cart",https://www.miltontimes.com/news/local/trash-fees-to-go-up-1-a-week-starting-in-july/article_2ae99dca-ec47-11ee-9d80-2ba4135c3f65.html
Milton,$4,"h will be billed at $208 for the year, according to the new rates. For those who purchase individual trash stickers for $3 the cost will also go up a dollar to $4. Town Administrator Nicholas Milano said a senior citizen discounted rate will continue to be offered on the trash cart. It will increase from the current $94",https://www.miltontimes.com/news/local/trash-fees-to-go-up-1-a-week-starting-in-july/article_2ae99dca-ec47-11ee-9d80-2ba4135c3f65.html
Gardner,$3.50,Why am I getting a bill for trash - I never did before? Why are there charges on my water bill for trash? Where’s the money going? Why are the bags $3.50 - I can buy bags a lot cheaper than that? Where’s the money going? View All /FAQ.aspx Conta,https://www.gardner-ma.gov/545/Curbside-Trash-Recycling
South Hadley,$25,D trash cart and NO RECYCLING per off week. Trash Stickers Current trash/recycling center/compost stickers are now available. The $250 Fiscal Year trash fee must be paid in order to obtain a sticker. Payments may be made online or via mail with a check. The DPW does not take payments for the,http://southhadley.org/241/Solid-Waste-Division
Swansea,$74,"adds a curbside composting collection service to a pay-as-you-throw model – which a majority of council members supported – it would save the city an estimated $746,000 a year. These savings would help offset rising operating costs, Rosenbach said. The city’s waste management costs are projected to increase by $188,000",https://www.pressherald.com/2026/07/15/south-portland-could-switch-to-pay-as-you-throw-trash-bags/
Swansea,$16,"post or recycling. Advertisement How will it impact individual expenses? This model would increase the average cost for household waste from approximately $160 a year to $209 – $133 for bags and $76 in property taxes. If the city adds curbside compost, that number could jump to $219 — $116 for bags and $103 in taxes.",https://www.pressherald.com/2026/07/15/south-portland-could-switch-to-pay-as-you-throw-trash-bags/
Swansea,$20,"ng. Advertisement How will it impact individual expenses? This model would increase the average cost for household waste from approximately $160 a year to $209 – $133 for bags and $76 in property taxes. If the city adds curbside compost, that number could jump to $219 — $116 for bags and $103 in taxes. A small ga",https://www.pressherald.com/2026/07/15/south-portland-could-switch-to-pay-as-you-throw-trash-bags/
Swansea,$13,"vertisement How will it impact individual expenses? This model would increase the average cost for household waste from approximately $160 a year to $209 – $133 for bags and $76 in property taxes. If the city adds curbside compost, that number could jump to $219 — $116 for bags and $103 in taxes. A small garbage b",https://www.pressherald.com/2026/07/15/south-portland-could-switch-to-pay-as-you-throw-trash-bags/
Swansea,$76,"will it impact individual expenses? This model would increase the average cost for household waste from approximately $160 a year to $209 – $133 for bags and $76 in property taxes. If the city adds curbside compost, that number could jump to $219 — $116 for bags and $103 in taxes. A small garbage bag is estimated to",https://www.pressherald.com/2026/07/15/south-portland-could-switch-to-pay-as-you-throw-trash-bags/
Swansea,$21,"household waste from approximately $160 a year to $209 – $133 for bags and $76 in property taxes. If the city adds curbside compost, that number could jump to $219 — $116 for bags and $103 in taxes. A small garbage bag is estimated to cost $1.76 while a large one would cost $3. Revenue from the bag sales would be",https://www.pressherald.com/2026/07/15/south-portland-could-switch-to-pay-as-you-throw-trash-bags/
Ashland,$9.10,"row Bags Effective July 1, 2024 ,the cost of the Town of Ashland official Pay-As-You-Throw orange trash bags will be as follows: Small bags (14 gallon) will be $9.10 per roll of 5 bags. Large bags (33 gallon) will be $15.55 per roll of 5 bags. Each household pays a yearly base fee of $235.00. Qualifying senior citizens pay",https://www.ashlandmass.com/165/Rubbish-Recycling
Ashland,$15.55,"Ashland official Pay-As-You-Throw orange trash bags will be as follows: Small bags (14 gallon) will be $9.10 per roll of 5 bags. Large bags (33 gallon) will be $15.55 per roll of 5 bags. Each household pays a yearly base fee of $235.00. Qualifying senior citizens pay $125.58. For senior citizens age 65 or over, please comple",https://www.ashlandmass.com/165/Rubbish-Recycling
Ashland,$23,"ws: Small bags (14 gallon) will be $9.10 per roll of 5 bags. Large bags (33 gallon) will be $15.55 per roll of 5 bags. Each household pays a yearly base fee of $235.00. Qualifying senior citizens pay $125.58. For senior citizens age 65 or over, please complete and submit this form and you would be billed accordingly only",https://www.ashlandmass.com/165/Rubbish-Recycling
Ashland,$12,"per roll of 5 bags. Large bags (33 gallon) will be $15.55 per roll of 5 bags. Each household pays a yearly base fee of $235.00. Qualifying senior citizens pay $125.58. For senior citizens age 65 or over, please complete and submit this form and you would be billed accordingly only after the approval of the Abatement Appl",https://www.ashlandmass.com/165/Rubbish-Recycling
Ashland,$9.10,There are 2 different size P-A-Y-T bags available (14 gallon or 33 gallon) and both sizes come in a package of 5 bags each. The package of 14 gallon bags is $9.10. The package of 33 gallon bags is $15.55. Q. What do I do if I purchase a defective roll of Town of Ashland trash bags? A. Do not return the bags to the s,https://www.ashlandmass.com/165/Rubbish-Recycling
Ashland,$15.55,available (14 gallon or 33 gallon) and both sizes come in a package of 5 bags each. The package of 14 gallon bags is $9.10. The package of 33 gallon bags is $15.55. Q. What do I do if I purchase a defective roll of Town of Ashland trash bags? A. Do not return the bags to the store. Contact the DPW via email at dpw@as,https://www.ashlandmass.com/165/Rubbish-Recycling
East Longmeadow,$3.00,pounds is allowed per household. Trash in excess of the cart capacity may be disposed of in blue Town approved trash bags available at local retail stores for $3.00/bag (sold in rolls of 5). Blue bags must not exceed 40 pounds. Excess trash not in Town approved bags will not be picked up. All trash must be bagged. The foll,https://www.longmeadowma.gov/451/Curbside-Trash-Recycling-Collection
Scituate,$20,"ge"") will be accepted only in Pay-As-You-Throw trash bags which can be purchased at the Transfer Station or several local retail stores. These ""Blue Bags"" cost $20 for a package of ten 30-gallon bags or $10 for a package of ten 15-gallon bags. Retailers selling Pay-as-You-Throw trash bags include Scituate Pharmacy, Sand H",https://www.scituatema.gov/1273/Transfer-Station
Scituate,$10,"row trash bags which can be purchased at the Transfer Station or several local retail stores. These ""Blue Bags"" cost $20 for a package of ten 30-gallon bags or $10 for a package of ten 15-gallon bags. Retailers selling Pay-as-You-Throw trash bags include Scituate Pharmacy, Sand Hills General Store, Hennessy News and the V",https://www.scituatema.gov/1273/Transfer-Station
Longmeadow,$2.00,"*Weekly trash pick up first bag or Town provided 35 gallon cart of trash at no charge (Maximum 50 pounds max.) *Excess trash disposed for $2.00/bag (33 gallon).Official Green Town Trash Bags available at local stores such as Big Y, Rocky’s, AW Brown and Stop and Shop. (cost for green bags increased 10",https://www.eastlongmeadowma.gov/752/Curbside-Waste-and-Recycling
Needham,$50,"ommercial stickers are available at the Recycle Transfer Station. Download an application and current rates . ***Please note: commercial mattresses are now $50*** ***New rates go into effect at the RTS truck scale starting July 1, 2024*** The new rate is $220/ton with a minimum charge of $30. These rate adjustments",https://www.needhamma.gov/262/Recycling-Solid-Waste-Division
Duxbury,$25.00,mprove the efficient operation of the Transfer Station by being aware of the following items: 1. The cost of a sticker authorizing admittance to the station is $25.00. 2. You must have a current sticker even if you are just using the recycling centers. 3. Your Transfer Station Sticker is not transferable. 4. Failure to follo,https://silo.tips/download/duxbury-transfer-station-recycling-center-open-closed-speed-limit-payments
Duxbury,$1.00,l be totally contained within a Duxbury specific trash bag. Those trash bags are readily available for sale at local stores. The fee for Duxbury Trash bags is: $1.00 for a 13 gallon bag $1.50 for a 33 gallon bag. Senior citizens may obtain smaller bags for $.75 each at the Senior Center. Nothing is to be deposited into the,https://silo.tips/download/duxbury-transfer-station-recycling-center-open-closed-speed-limit-payments
Duxbury,$1.50,hin a Duxbury specific trash bag. Those trash bags are readily available for sale at local stores. The fee for Duxbury Trash bags is: $1.00 for a 13 gallon bag $1.50 for a 33 gallon bag. Senior citizens may obtain smaller bags for $.75 each at the Senior Center. Nothing is to be deposited into the pit unless it is fully con,https://silo.tips/download/duxbury-transfer-station-recycling-center-open-closed-speed-limit-payments
Duxbury,$25.00,"enior Center. Nothing is to be deposited into the pit unless it is fully contained in a Duxbury specific bag. Commercial Residential Pickup, Van Permit Fee: $25.00 Residential Dump Truck Permit Fee: $283.00 Non Residential Pickup, Van Permit Fee: $400.00 Non Residential Dump Truck Permit Fee: $400.00",https://silo.tips/download/duxbury-transfer-station-recycling-center-open-closed-speed-limit-payments
Duxbury,$28,"e pit unless it is fully contained in a Duxbury specific bag. Commercial Residential Pickup, Van Permit Fee: $25.00 Residential Dump Truck Permit Fee: $283.00 Non Residential Pickup, Van Permit Fee: $400.00 Non Residential Dump Truck Permit Fee: $400.00 In addition to the annual permit fee, all sol",https://silo.tips/download/duxbury-transfer-station-recycling-center-open-closed-speed-limit-payments
Duxbury,$40,"ic bag. Commercial Residential Pickup, Van Permit Fee: $25.00 Residential Dump Truck Permit Fee: $283.00 Non Residential Pickup, Van Permit Fee: $400.00 Non Residential Dump Truck Permit Fee: $400.00 In addition to the annual permit fee, all solid waste intended to be disposed of into the Duxbury T",https://silo.tips/download/duxbury-transfer-station-recycling-center-open-closed-speed-limit-payments
Seekonk,$9.14,"se see the links to the left, or the brochure below. Fees Effective July 1, 2026 Roll of 10 Small Town Trash Bags - $9.14 Roll of 10 Large Town Trash Bags - $15.30 Bulky Waste Pass (1 Trip) - $30.00 Annual Trash Fee (including landfill capping fee and collection cost) - TBD",https://www.seekonk-ma.gov/245/Trash-Recycling-Information
Seekonk,$15.30,"re below. Fees Effective July 1, 2026 Roll of 10 Small Town Trash Bags - $9.14 Roll of 10 Large Town Trash Bags - $15.30 Bulky Waste Pass (1 Trip) - $30.00 Annual Trash Fee (including landfill capping fee and collection cost) - TBD Bulky Waste Curbside Sticker - $10.00 Bu",https://www.seekonk-ma.gov/245/Trash-Recycling-Information
Seekonk,$30.00,"Fees Effective July 1, 2026 Roll of 10 Small Town Trash Bags - $9.14 Roll of 10 Large Town Trash Bags - $15.30 Bulky Waste Pass (1 Trip) - $30.00 Annual Trash Fee (including landfill capping fee and collection cost) - TBD Bulky Waste Curbside Sticker - $10.00 Bulky Waste Appliance Sticker - $16.00",https://www.seekonk-ma.gov/245/Trash-Recycling-Information
Seekonk,$10.00,gs - $15.30 Bulky Waste Pass (1 Trip) - $30.00 Annual Trash Fee (including landfill capping fee and collection cost) - TBD Bulky Waste Curbside Sticker - $10.00 Bulky Waste Appliance Sticker - $16.00 Mattress & Box Spring Curbside Sticker - $65.00 Documents & Resources Recycling,https://www.seekonk-ma.gov/245/Trash-Recycling-Information
Seekonk,$16.00,$30.00 Annual Trash Fee (including landfill capping fee and collection cost) - TBD Bulky Waste Curbside Sticker - $10.00 Bulky Waste Appliance Sticker - $16.00 Mattress & Box Spring Curbside Sticker - $65.00 Documents & Resources Recycling Resources FY27 Trash & Recycling Br,https://www.seekonk-ma.gov/245/Trash-Recycling-Information
Seekonk,$65.00,ping fee and collection cost) - TBD Bulky Waste Curbside Sticker - $10.00 Bulky Waste Appliance Sticker - $16.00 Mattress & Box Spring Curbside Sticker - $65.00 Documents & Resources Recycling Resources FY27 Trash & Recycling Brochure July 2026 thru June 2027 (PDF) FY26 Tra,https://www.seekonk-ma.gov/245/Trash-Recycling-Information
Ipswich,$2,blic Works 6 All Content How much do the Ipswich Overthrow Bags cost? Ipswich’s official Overthrow Bags cost $2 per bag and are sold in a 5-bag pack for $10. These bags are necessary only when you dispose of trash in excess of one 35-gallon bag or barrel per week. Please,https://www.ipswichma.gov/FAQ.aspx?QID=241
Ipswich,$10,How much do the Ipswich Overthrow Bags cost? Ipswich’s official Overthrow Bags cost $2 per bag and are sold in a 5-bag pack for $10. These bags are necessary only when you dispose of trash in excess of one 35-gallon bag or barrel per week. Please remember that all trash needs to be in a bag,https://www.ipswichma.gov/FAQ.aspx?QID=241
Ipswich,$2,"Richdale, Shaw's and Tedford's. Public Works Where can I purchase the Overthrow Bags? Ipswich’s official Overthrow Bags cost $2 per bag and are sold in a 5-bag pack for $10 at these locations: Aubuchon, Conley's Drug, Cumberland Farms, DJ's Variety, Richdale, Shaw's and Tedford's. Pub",https://www.ipswichma.gov/FAQ.aspx?QID=241
Ipswich,$10,"ks Where can I purchase the Overthrow Bags? Ipswich’s official Overthrow Bags cost $2 per bag and are sold in a 5-bag pack for $10 at these locations: Aubuchon, Conley's Drug, Cumberland Farms, DJ's Variety, Richdale, Shaw's and Tedford's. Public Works How often is r",https://www.ipswichma.gov/FAQ.aspx?QID=241
Grafton,$14,"The PAYT (Pay As You Throw) Program began July 1, 2009. 2025-2026 Curbside Collection Calendar (PDF) Pricing as of July 1, 2024: 33-gallon bags (large): $14 per roll 15-gallon bags (small): $8 per roll New pricing effective July 1, 2026: 33-gallon bags (large): $24 per roll 15-gallon bags (small): $15.00 per roll L",https://grafton-ma.gov/1403/Pay-As-You-Throw-PAYT
Grafton,$8,"ogram began July 1, 2009. 2025-2026 Curbside Collection Calendar (PDF) Pricing as of July 1, 2024: 33-gallon bags (large): $14 per roll 15-gallon bags (small): $8 per roll New pricing effective July 1, 2026: 33-gallon bags (large): $24 per roll 15-gallon bags (small): $15.00 per roll Learn more about PAYT Changes Effecti",https://grafton-ma.gov/1403/Pay-As-You-Throw-PAYT
Grafton,$24,"ricing as of July 1, 2024: 33-gallon bags (large): $14 per roll 15-gallon bags (small): $8 per roll New pricing effective July 1, 2026: 33-gallon bags (large): $24 per roll 15-gallon bags (small): $15.00 per roll Learn more about PAYT Changes Effective July 1, 2026 Trash not in an official bag will not be picked up. If yo",https://grafton-ma.gov/1403/Pay-As-You-Throw-PAYT
Grafton,$15.00,"bags (large): $14 per roll 15-gallon bags (small): $8 per roll New pricing effective July 1, 2026: 33-gallon bags (large): $24 per roll 15-gallon bags (small): $15.00 per roll Learn more about PAYT Changes Effective July 1, 2026 Trash not in an official bag will not be picked up. If your trash was not collected because of no",https://grafton-ma.gov/1403/Pay-As-You-Throw-PAYT
Greenfield,$1.25,"“neck” of the bag. The stickers clearly state the size and weight limits. If someone attempts to use a large bag (30-33 gallons) and only puts the 13 gallon ($1.25 sticker) on it, the collectors will not collect the bag. In fairness to all, this policy is strictly enforced. Bags larger than 33 gallons and “contractor” b",https://greenfield-ma.gov/payt_trash/index.php
Greenfield,$5.00,the collectors make 450-550 stops per day. Pre-Paid Bag and Sticker Prices Size Price Price Per Gallon Marker 8 Gallon Bag (10 pack) $5.00 $.06 Bag 13 Gallon $1.25 $.10 Pink Sticker 33 Gallon $2.00 $.06 Yellow Sticker Please remember there is a 30 pound weight l,https://greenfield-ma.gov/payt_trash/index.php
Greenfield,$1.25,r day. Pre-Paid Bag and Sticker Prices Size Price Price Per Gallon Marker 8 Gallon Bag (10 pack) $5.00 $.06 Bag 13 Gallon $1.25 $.10 Pink Sticker 33 Gallon $2.00 $.06 Yellow Sticker Please remember there is a 30 pound weight limit for all bags and containers. All,https://greenfield-ma.gov/payt_trash/index.php
Greenfield,$2.00,Size Price Price Per Gallon Marker 8 Gallon Bag (10 pack) $5.00 $.06 Bag 13 Gallon $1.25 $.10 Pink Sticker 33 Gallon $2.00 $.06 Yellow Sticker Please remember there is a 30 pound weight limit for all bags and containers. All bags must be at the curbside by 7 a.m. on day,https://greenfield-ma.gov/payt_trash/index.php
Northborough,$15,"To participate in the program, you must purchase designated Northborough trash bags (green) which are sold at many local stores . Northborough trash bags are $15 per package, 5 large bags or 10 small. Those utilizing the town program are also entitled to free curbside recycling. Trash is picked up each week, recycling",https://www.northboroughma.gov/public-works/pages/trash-recycling
Holliston,$2,"ch trash cart has a forty-pound limit. The first standard 35-gallon cart of trash each week does not require a sticker. Additional bags of trash each require a $2 trash sticker. Trash stickers are available at Town Hall (703 Washington Street), Country Farms (429 Washington Street), Holliston True Value Hardware (58 Cent",https://www.townofholliston.us/162/Recycling-Solid-Waste
Holliston,$2,"address. Curbside Bulky Waste Collection Rugs can be cut into three-foot lengths, bundled, and placed at the curb on your collection day. This item requires a $2 dollar trash sticker per bundle. Other bulky items such as furniture, appliances, doors, water heaters, and tires are picked up by calling Harvey at 800-321-30",https://www.townofholliston.us/162/Recycling-Solid-Waste
Holliston,$20,"uired. One-day passes are also available with proof of residence. See the table below of items that can be disposed of at the Recycling Center. Accepted Items ($20 sticker*) Prohibited Items ​ Trees, yard waste Household recycling Cardboard Household trash Textiles Hazardous waste Light bulbs, fluorescents Batteries Scrap",https://www.townofholliston.us/162/Recycling-Solid-Waste
Holliston,$20,"s* Bicycles The Recycling Center also accepts electronic waste such as televisions, computer monitors, exercise equipment, and lawnmowers. Each item requires a $20 sticker which can be acquired at Town Hall (703 Washington Street), Country Farms (429 Washington Street), Holliston True Value Hardware (58 Central Street), H",https://www.townofholliston.us/162/Recycling-Solid-Waste
Maynard,$1,"heir program recommendations to the Select Board in 2025. Since our ""stickers & trash bag"" program has fallen far short of paying our Town's actual costs (over $1.2 million dollars for FY 2027 that begins July 1) to collect and process trash/recycling/yard waste, our Town has used general tax funds to close that gap. Tha",https://www.townofmaynard-ma.gov/252/Solid-Waste-Recycling
Maynard,$1,"h carts leased by the Town and distributed by E.L. Harvey will be used in the new program. A few reasons include: Standardization. Since one piece ofMaynard’s $1,200,000+ curbside collection contrac tcost is basedon our Town’s garbage weight, we need everyone to work toward minimizing their trash generation by using a 3",https://www.townofmaynard-ma.gov/252/Solid-Waste-Recycling
Maynard,$40,"ash cart, which can provide a more consistent and convenient solution for managing your household waste. The orange overflow bags are sold in packs of five for $40 at the customer service areas of the Assabet Market Co-op and Market Basket. I’m a condominium resident and I’m not sure if automatic collection will",https://www.townofmaynard-ma.gov/252/Solid-Waste-Recycling
Maynard,$40,"cycling cart. If a second trash cart is occasionally not enough, you will also be able to buy orange “occasional overflow” bags at local retail stores. Cost is $40 for a pack of five bags. Residents who register for the “bi-weekly trash collection plan with bi-weekly recycling collection” plan will have the option to pa",https://www.townofmaynard-ma.gov/252/Solid-Waste-Recycling
Maynard,$40,"r for the “bi-weekly trash collection plan with bi-weekly recycling collection” plan will have the option to pay for a second 95-gallon recycling cart. Cost is $40 for a pack of five bags. If your single trash cart is occasionally not enough, you will also be able to buy orange “occasional overflow” bags at local retail s",https://www.townofmaynard-ma.gov/252/Solid-Waste-Recycling
Maynard,$40,"five bags. If your single trash cart is occasionally not enough, you will also be able to buy orange “occasional overflow” bags at local retail stores. Cost is $40 for a pack of five bags. Sharing a plan among multiple residences is prohibited, as that is not fair to residents who are paying their full share of the Town",https://www.townofmaynard-ma.gov/252/Solid-Waste-Recycling
Acton,$29.00,"dditional disposal fee is required for all other items (see below). Beginning July 1, 2026, stickers can be purchased online HERE Sticker Price First Sticker $29.00 Second Sticker $15.00 Senior Citizen Sticker (65+ years, 1960) $12.00 Recycling Only Sticker $20.00 Replacement Sticker $10.00 Non-Resident Sticker $53.00 Indi",https://www.acton-ma.gov/508/Fees
Acton,$15.00,"is required for all other items (see below). Beginning July 1, 2026, stickers can be purchased online HERE Sticker Price First Sticker $29.00 Second Sticker $15.00 Senior Citizen Sticker (65+ years, 1960) $12.00 Recycling Only Sticker $20.00 Replacement Sticker $10.00 Non-Resident Sticker $53.00 Individual Trip Fe es (",https://www.acton-ma.gov/508/Fees
Acton,$12.00,"ginning July 1, 2026, stickers can be purchased online HERE Sticker Price First Sticker $29.00 Second Sticker $15.00 Senior Citizen Sticker (65+ years, 1960) $12.00 Recycling Only Sticker $20.00 Replacement Sticker $10.00 Non-Resident Sticker $53.00 Individual Trip Fe es ( No Sticker) Price Resident $35/trip plus applica",https://www.acton-ma.gov/508/Fees
Acton,$20.00,"can be purchased online HERE Sticker Price First Sticker $29.00 Second Sticker $15.00 Senior Citizen Sticker (65+ years, 1960) $12.00 Recycling Only Sticker $20.00 Replacement Sticker $10.00 Non-Resident Sticker $53.00 Individual Trip Fe es ( No Sticker) Price Resident $35/trip plus applicable additional disposal fees.",https://www.acton-ma.gov/508/Fees
Acton,$10.00,"ERE Sticker Price First Sticker $29.00 Second Sticker $15.00 Senior Citizen Sticker (65+ years, 1960) $12.00 Recycling Only Sticker $20.00 Replacement Sticker $10.00 Non-Resident Sticker $53.00 Individual Trip Fe es ( No Sticker) Price Resident $35/trip plus applicable additional disposal fees. Non-Resident $55/trip plus",https://www.acton-ma.gov/508/Fees
Acton,$53.00,"ker $29.00 Second Sticker $15.00 Senior Citizen Sticker (65+ years, 1960) $12.00 Recycling Only Sticker $20.00 Replacement Sticker $10.00 Non-Resident Sticker $53.00 Individual Trip Fe es ( No Sticker) Price Resident $35/trip plus applicable additional disposal fees. Non-Resident $55/trip plus applicable additional dispos",https://www.acton-ma.gov/508/Fees
Clinton,$2,"he City of Worcester operates a municipal Pay-As-You-Throw (PAYT) yellow bag program under which residents purchase official yellow trash bags (currently about $2 for 30-gallon and $1 for 15-gallon) and weekly curbside collection is operated by the Department of Public Works & Parks. Recycling is single-stream, collected",https://cityrulelookup.com/trash-recycling/pickup-rules/clinton-ma
Clinton,$1,"operates a municipal Pay-As-You-Throw (PAYT) yellow bag program under which residents purchase official yellow trash bags (currently about $2 for 30-gallon and $1 for 15-gallon) and weekly curbside collection is operated by the Department of Public Works & Parks. Recycling is single-stream, collected weekly in alternatin",https://cityrulelookup.com/trash-recycling/pickup-rules/clinton-ma
Clinton,$50,"waste-to-energy facility processes much of Worcester County's trash. Violations & Fines Worcester non-yellow-bag trash not collected — repeat violations bring $50-$200 fines under Revised Ordinances. Illegal dumping: $500-$10,000 plus restitution under MGL c. 270 §16. MassDEP Waste Ban violations: commercial $1,000-$25,0",https://cityrulelookup.com/trash-recycling/pickup-rules/clinton-ma
Clinton,$20,"te-to-energy facility processes much of Worcester County's trash. Violations & Fines Worcester non-yellow-bag trash not collected — repeat violations bring $50-$200 fines under Revised Ordinances. Illegal dumping: $500-$10,000 plus restitution under MGL c. 270 §16. MassDEP Waste Ban violations: commercial $1,000-$25,000/d",https://cityrulelookup.com/trash-recycling/pickup-rules/clinton-ma
Clinton,$50,"ty's trash. Violations & Fines Worcester non-yellow-bag trash not collected — repeat violations bring $50-$200 fines under Revised Ordinances. Illegal dumping: $500-$10,000 plus restitution under MGL c. 270 §16. MassDEP Waste Ban violations: commercial $1,000-$25,000/day; residential generally warning then fine. Frequentl",https://cityrulelookup.com/trash-recycling/pickup-rules/clinton-ma
Clinton,$10,"trash. Violations & Fines Worcester non-yellow-bag trash not collected — repeat violations bring $50-$200 fines under Revised Ordinances. Illegal dumping: $500-$10,000 plus restitution under MGL c. 270 §16. MassDEP Waste Ban violations: commercial $1,000-$25,000/day; residential generally warning then fine. Frequently Ask",https://cityrulelookup.com/trash-recycling/pickup-rules/clinton-ma
Lunenburg,$17.00,r-Shirley Road Hilltop Farms- 1 Main Street Lunenburg Golf- 451 Massachusetts Avenue Baker's Whalom Variety- 423 Elective Avenue Small (13-gallon) -10/pkg for $17.00 Large (33-gallon) - 5/pkg for $17.25 X-Large (40 gallon) - 5/pkg for $26.50 No Construction Material or scrap metal is allowed in Trash Bags - Arrange special,https://www.lunenburgma.gov/248/Recycling-Trash-Program
Lunenburg,$17.25,Street Lunenburg Golf- 451 Massachusetts Avenue Baker's Whalom Variety- 423 Elective Avenue Small (13-gallon) -10/pkg for $17.00 Large (33-gallon) - 5/pkg for $17.25 X-Large (40 gallon) - 5/pkg for $26.50 No Construction Material or scrap metal is allowed in Trash Bags - Arrange special pickup with G.W. Shaw & Son No Yard W,https://www.lunenburgma.gov/248/Recycling-Trash-Program
Lunenburg,$26.50,ts Avenue Baker's Whalom Variety- 423 Elective Avenue Small (13-gallon) -10/pkg for $17.00 Large (33-gallon) - 5/pkg for $17.25 X-Large (40 gallon) - 5/pkg for $26.50 No Construction Material or scrap metal is allowed in Trash Bags - Arrange special pickup with G.W. Shaw & Son No Yard Waste - Arrange special pickup with G.W.,https://www.lunenburgma.gov/248/Recycling-Trash-Program
Brewster,$2,"le in three sizes and are available at various Brewster stores and surrounding grocery stores. ·33-gallon bag holds about 25lbs, similar to a yard waste bag is $2 each. ·15-gallon bag holds about 12lbs, similar to a kitchen-sized bag is $1 each. · 8-gallon bag, similar to an office or bathroom trash bag is $.50 each.",https://www.brewster-ma.gov/recycling-center/pages/pay-you-throw
Brewster,$1,"g grocery stores. ·33-gallon bag holds about 25lbs, similar to a yard waste bag is $2 each. ·15-gallon bag holds about 12lbs, similar to a kitchen-sized bag is $1 each. · 8-gallon bag, similar to an office or bathroom trash bag is $.50 each. Contact Info Phone:",https://www.brewster-ma.gov/recycling-center/pages/pay-you-throw
